{
  "project_info": {
    "project_number": "94645828571",
    "firebase_url": "https://fir-restaurant-d618b.firebaseio.com",
    "project_id": "fir-restaurant-d618b",
    "storage_bucket": "fir-restaurant-d618b.appspot.com"
  },
  "client": [
    {
      "client_info": {
        "mobilesdk_app_id": "1:94645828571:android:46ec3a79f5d5c080",
        "android_client_info": {
          "package_name": "fdffd.com.tutorials.hp.restaurantapp"
        }
      },
      "oauth_client": [
        {
          "client_id": "94645828571-81mtmkjnv4r1akbbk76r7jsarfrke5ud.apps.googleusercontent.com",
          "client_type": 3
        }
      ],
      "api_key": [
        {
          "current_key": "AIzaSyBuqWQ5Xa3gPCB-Q7FXBrdPr4eC91qIsUA"
        }
      ],
      "services": {
        "analytics_service": {
          "status": 1
        },
        "appinvite_service": {
          "status": 1,
          "other_platform_oauth_client": []
        },
        "ads_service": {
          "status": 2
        }
      }
    }
  ],
  "configuration_version": "1"
}